{"cameraMode":{"drawMode":0,"name":"Shaded","section":"Shading Mode"},"sceneLighting":true,"audioPlay":false,"sceneViewState":{"showFog":true,"showMaterialUpdate":false,"showSkybox":true,"showFlares":true,"showImageEffects":true,"showParticleSystems":true},"in2DMode":false,"pivot":{"x":12.838088989257813,"y":-3.92708683013916,"z":-5.486257553100586},"rotation":{"x":0.03687435761094093,"y":0.9447494149208069,"z":-0.3050372898578644,"w":0.11420561373233795},"size":13.416882514953614,"orthographic":false}